Level,CPM,dust,candy
39,0.7846369743347170,10000,15
39.5,0.7874736085132750,10000,15
40,0.7903000116348270,1000000,15000
40.5,0.792803968023538,1000000,15000
41,0.7953000068664551,1000000,15000
41.5,0.7978038983716224,1000000,15000
42,0.8003000020980835,1000000,15000
42.5,0.8028038718775964,1000000,15000
43,0.8052999973297119,1000000,15000
43.5,0.8078038508470536,1000000,15000
44,0.8102999925613403,1000000,15000
44.5,0.812803835179168,1000000,15000
45,0.8152999877929688,1000000,15000

